recommendation_id,product_id,customer_profile_id,context_id,clicks_on_similar_products,similar_products_purchased,avg_rating_given_to_similar_products,recommendation_probability
1,794,1,6,6,2,2.70,0.0500
2,572,1,23,10,7,3.40,0.5000
3,483,1,21,30,19,5.00,1.0000
4,472,1,6,5,1,3.10,0.1500
5,453,1,21,9,6,3.30,0.5000
6,451,1,9,10,3,2.90,0.2100
7,444,1,5,4,0,2.00,0.0300
8,440,1,5,3,1,1.50,0.0250
9,439,1,5,3,1,1.50,0.0250
10,439,1,5,2,1,1.30,0.0150
11,433,1,20,11,5,4.20,0.8000
12,419,1,5,7,2,2.20,0.1500
13,417,1,5,2,0,1.50,0.0250
14,416,1,5,2,0,1.00,0.0000
15,403,1,5,25,7,3.50,0.1100
16,370,1,23,26,11,4.20,0.9000
17,364,1,22,10,5,3.00,0.1000
18,364,1,22,10,5,3.00,0.1000
19,240,1,5,6,1,2.10,0.1000
20,231,1,5,3,0,2.20,0.0500
21,102,1,19,5,2,2.80,0.2500
22,73,1,14,11,1,2.70,0.3000
23,50,1,21,9,4,3.30,0.3000
24,49,1,1,34,13,4.50,0.8800
25,29,1,5,1,0,1.00,0.0000
26,29,1,5,1,0,1.00,0.0000
27,29,1,5,2,0,1.00,0.0000
28,2,1,5,5,1,2.90,0.0700
29,429,2,22,14,3,3.20,0.1800
30,799,3,19,7,5,2.90,0.3500
31,798,3,19,6,5,2.80,0.3500
32,792,3,19,6,4,2.60,0.3500
33,791,3,19,7,4,2.70,0.3500
34,787,3,19,6,2,2.50,0.3000
35,787,3,19,6,3,2.50,0.3000
36,786,3,19,6,1,2.50,0.3000
37,786,3,19,7,3,2.50,0.3000
38,785,3,19,6,1,2.50,0.3000
39,785,3,19,7,3,2.50,0.3000
40,710,3,13,10,2,3.90,0.3000
41,578,3,15,15,6,3.50,0.4200
42,551,3,23,27,12,4.70,1.0000
43,448,3,5,4,2,2.20,0.0250
44,446,3,5,4,1,2.00,0.0300
45,445,3,5,4,1,2.00,0.0300
46,443,3,2,38,15,4.60,0.9500
47,432,3,20,16,5,3.20,0.3200
48,425,3,17,8,3,4.00,0.3300
49,400,3,13,8,3,2.90,0.0500
50,377,3,18,15,6,3.60,0.0500
51,234,3,3,6,1,3.30,0.2000
52,230,3,13,19,5,3.30,0.1200
53,164,3,15,7,2,3.70,0.5000
54,118,3,19,5,5,2.80,0.3000
55,117,3,19,5,4,2.70,0.3000
56,116,3,19,5,3,2.50,0.3000
57,115,3,19,5,2,2.30,0.3000
58,101,3,19,8,2,2.80,0.2500
59,74,3,6,8,2,3.00,0.4000
60,72,3,14,9,2,2.90,0.3000
61,431,4,17,10,0,3.70,0.0500
62,229,4,5,7,1,3.30,0.1000
63,810,5,17,6,0,3.00,0.0500
64,801,5,19,7,6,3.00,0.5000
65,800,5,19,7,7,3.00,0.5000
66,781,5,19,11,4,3.40,0.4000
67,748,5,19,9,6,3.10,0.5000
68,748,5,19,9,7,3.10,0.5000
69,701,5,3,11,1,3.00,0.0500
70,688,5,3,9,1,3.00,0.0500
71,504,5,19,14,6,3.70,0.5500
72,479,5,21,29,17,4.90,1.0000
73,473,5,23,25,13,4.60,1.0000
74,473,5,23,25,13,4.60,1.0000
75,473,5,23,25,13,4.60,1.0000
76,473,5,23,25,13,4.60,1.0000
77,473,5,23,25,13,4.60,1.0000
78,473,5,23,25,13,4.60,1.0000
79,473,5,23,25,13,4.60,1.0000
80,473,5,23,25,13,4.60,1.0000
81,473,5,23,25,13,4.60,1.0000
82,473,5,23,25,13,4.60,1.0000
83,473,5,23,25,13,4.60,1.0000
84,473,5,23,25,13,4.60,1.0000
85,473,5,23,25,13,4.60,1.0000
86,473,5,23,25,13,4.60,1.0000
87,473,5,23,25,13,4.60,1.0000
88,473,5,23,25,13,4.60,1.0000
89,473,5,23,25,13,4.60,1.0000
90,473,5,23,25,13,4.60,1.0000
91,468,5,23,21,10,4.40,0.9000
92,460,5,19,8,3,3.00,0.2200
93,457,5,21,26,13,4.50,0.9000
94,457,5,21,26,13,4.50,0.9000
95,418,5,20,10,4,3.90,0.6000
96,399,5,5,16,7,3.70,0.8000
97,354,5,22,21,14,4.80,1.0000
98,233,5,5,7,1,3.20,0.0500
99,232,5,3,8,1,3.10,0.0500
100,169,5,23,15,5,3.80,0.5000
101,146,5,24,8,2,3.90,0.4500
102,131,5,21,20,5,4.30,0.9000
103,122,5,8,41,13,4.70,0.8300
104,112,5,19,8,7,3.10,0.3500
105,111,5,19,8,6,3.00,0.3500
106,110,5,19,8,5,3.00,0.3500
107,108,5,19,8,4,3.00,0.3500
108,107,5,19,8,3,3.00,0.3500
109,81,5,21,6,1,2.80,0.1000
110,75,5,14,10,2,2.70,0.3000
111,1,5,21,35,14,4.50,0.8200
112,691,6,3,9,2,3.20,0.0500
113,687,6,3,12,1,3.00,0.0500
114,784,7,22,17,14,4.80,1.0000
115,783,7,22,17,13,4.70,1.0000
116,780,7,22,17,12,4.60,0.9000
117,746,7,19,9,4,3.20,0.4000
118,740,7,19,9,3,3.20,0.4500
119,739,7,19,9,2,3.30,0.4500
120,702,7,21,13,5,3.60,0.4500
121,694,7,3,12,3,3.20,0.0500
122,692,7,3,10,3,3.20,0.0500
123,690,7,1,12,0,3.20,0.0500
124,604,7,23,28,13,4.80,1.0000
125,538,7,21,7,3,3.00,0.1000
126,490,7,23,15,5,3.80,0.6500
127,487,7,21,15,7,3.80,0.7000
128,457,7,21,25,13,4.50,0.9000
129,422,7,23,12,4,3.50,0.6000
130,345,7,23,31,12,4.80,0.9000
131,336,7,24,15,6,3.50,0.6000
132,327,7,21,9,4,4.10,0.6800
133,302,7,10,11,4,3.10,0.3500
134,237,7,21,16,8,3.80,0.8000
135,237,7,21,16,8,3.80,0.8000
136,237,7,21,16,8,3.80,0.8000
137,237,7,21,16,8,3.80,0.8000
138,237,7,21,16,8,3.80,0.8000
139,237,7,21,16,8,3.80,0.8000
140,237,7,21,16,8,3.80,0.8000
141,237,7,21,16,8,3.80,0.8000
142,237,7,21,16,8,3.80,0.8000
143,237,7,21,16,8,3.80,0.8000
144,237,7,21,16,8,3.80,0.8000
145,237,7,21,16,8,3.80,0.8000
146,237,7,21,16,8,3.80,0.8000
147,237,7,21,16,8,3.80,0.8000
148,237,7,21,16,8,3.80,0.8000
149,237,7,21,16,8,3.80,0.8000
150,237,7,21,16,8,3.80,0.8000
151,237,7,21,16,8,3.80,0.8000
152,187,7,21,22,9,4.50,0.9000
153,166,7,14,10,3,3.40,0.6000
154,127,7,21,14,5,3.60,0.4800
155,84,7,23,5,2,2.90,0.1000
156,5,7,18,25,5,3.80,0.3000
157,693,8,3,13,1,3.10,0.0500
158,693,8,3,13,2,3.10,0.0500
159,686,8,1,13,0,3.00,0.0500
160,844,9,23,34,19,5.00,1.0000
161,843,9,13,42,15,4.80,0.8600
162,838,9,1,6,2,4.50,0.6200
163,821,9,21,24,11,4.30,0.9000
164,807,9,22,28,15,4.80,1.0000
165,807,9,22,28,15,4.80,1.0000
166,744,9,19,10,4,3.30,0.4000
167,729,9,1,16,5,3.90,0.5000
168,688,9,1,14,1,3.00,0.0500
169,686,9,1,14,0,3.00,0.0500
170,685,9,1,15,0,3.00,0.0500
171,533,9,23,29,12,4.60,0.9500
172,500,9,19,15,6,3.60,0.4500
173,489,9,23,14,6,3.60,0.6000
174,447,9,21,15,8,3.90,0.8000
175,447,9,21,15,8,3.90,0.8000
176,447,9,21,15,8,3.90,0.8000
177,447,9,21,15,8,3.90,0.8000
178,447,9,21,15,8,3.90,0.8000
179,447,9,21,15,8,3.90,0.8000
180,447,9,21,15,8,3.90,0.8000
181,447,9,21,15,8,3.90,0.8000
182,447,9,21,15,8,3.90,0.8000
183,447,9,21,15,8,3.90,0.8000
184,447,9,21,15,8,3.90,0.8000
185,447,9,21,15,8,3.90,0.8000
186,447,9,21,15,8,3.90,0.8000
187,447,9,21,15,8,3.90,0.8000
188,447,9,21,15,8,3.90,0.8000
189,447,9,21,15,8,3.90,0.8000
190,447,9,21,15,8,3.90,0.8000
191,447,9,21,15,8,3.90,0.8000
192,371,9,21,20,13,4.50,0.9000
193,269,9,5,17,7,3.80,0.8000
194,165,9,14,12,3,3.70,0.6000
195,128,9,1,14,5,3.90,0.3000
196,82,9,21,7,1,2.60,0.1000
197,76,9,14,11,3,2.60,0.3000
198,70,9,10,6,2,2.50,0.0500
199,844,10,23,33,17,4.90,1.0000
200,842,10,23,31,15,4.70,1.0000
201,842,10,23,31,15,4.70,1.0000
202,842,10,23,31,15,4.70,1.0000
203,842,10,23,31,15,4.70,1.0000
204,842,10,23,31,15,4.70,1.0000
205,842,10,23,31,15,4.70,1.0000
206,842,10,23,31,15,4.70,1.0000
207,842,10,23,31,15,4.70,1.0000
208,842,10,23,31,15,4.70,1.0000
209,842,10,23,31,15,4.70,1.0000
210,842,10,23,31,15,4.70,1.0000
211,842,10,23,31,15,4.70,1.0000
212,842,10,23,31,15,4.70,1.0000
213,842,10,23,31,15,4.70,1.0000
214,842,10,23,31,15,4.70,1.0000
215,842,10,23,31,15,4.70,1.0000
216,842,10,23,31,15,4.70,1.0000
217,842,10,23,31,15,4.70,1.0000
218,842,10,23,31,15,4.70,1.0000
219,750,10,19,10,5,3.30,0.5000
220,750,10,19,10,6,3.20,0.5000
221,749,10,19,9,5,3.20,0.5000
222,749,10,19,10,7,3.20,0.5000
223,749,10,19,10,7,3.20,0.5000
224,658,10,12,22,8,4.60,0.6000
225,622,10,19,11,5,3.40,0.5000
226,620,10,19,12,5,3.40,0.5000
227,591,10,19,16,7,3.80,0.5500
228,591,10,19,16,7,3.70,0.5500
229,273,10,15,30,11,4.50,0.7400
230,238,10,23,20,9,4.30,0.8000
231,204,10,19,25,10,4.50,0.7000
232,190,10,21,10,3,4.00,0.7200
233,167,10,14,9,1,2.40,0.6000
234,83,10,21,8,1,2.40,0.1000
235,78,10,14,13,3,2.30,0.3000
236,56,10,9,11,1,4.00,0.5500
237,10,10,24,23,7,4.70,0.8000
238,802,11,13,20,4,4.00,0.5000
239,870,12,23,30,18,4.90,1.0000
240,868,12,23,32,17,4.90,1.0000
241,845,12,9,12,6,4.00,0.7000
242,814,12,16,11,4,3.80,0.5500
243,807,12,21,28,17,4.90,1.0000
244,714,12,18,11,7,3.70,0.7000
245,630,12,19,14,7,3.80,0.6000
246,628,12,19,11,6,3.40,0.5500
247,627,12,19,11,7,3.30,0.5500
248,614,12,19,13,5,3.50,0.5000
249,613,12,19,14,6,3.50,0.5000
250,507,12,19,17,8,3.80,0.6000
251,483,12,21,29,19,4.90,1.0000
252,483,12,21,29,20,4.90,1.0000
253,470,12,21,38,15,4.90,1.0000
254,467,12,21,21,8,4.20,0.7200
255,466,12,17,14,4,4.00,0.5000
256,452,12,21,12,5,3.20,0.1000
257,434,12,21,16,6,3.80,0.6000
258,311,12,21,18,7,4.10,0.6000
259,304,12,19,19,7,3.80,0.5500
260,299,12,23,46,18,4.70,0.7900
261,258,12,22,20,6,4.30,0.9000
262,168,12,14,8,2,2.30,0.6000
263,123,12,13,40,15,4.80,0.8200
264,80,12,14,15,4,1.80,0.3000
265,77,12,14,12,2,2.50,0.3000
266,17,12,24,25,8,4.80,0.9000
267,6,12,21,21,8,3.90,0.6200
268,867,13,23,26,14,4.70,1.0000
269,753,13,21,8,3,4.60,0.8200
270,629,13,19,12,8,3.60,0.6000
271,625,13,19,14,7,3.90,0.6000
272,624,13,19,13,6,3.60,0.5500
273,623,13,19,12,6,3.50,0.5500
274,623,13,19,12,7,3.50,0.5500
275,623,13,19,12,7,3.50,0.5500
276,605,13,23,31,16,4.80,1.0000
277,605,13,23,31,16,4.80,1.0000
278,604,13,23,30,15,4.70,1.0000
279,554,13,14,21,9,4.10,0.7200
280,481,13,24,18,7,3.60,0.5600
281,479,13,24,18,14,4.80,1.0000
282,479,13,24,18,15,4.90,1.0000
283,478,13,24,18,13,4.70,1.0000
284,458,13,21,25,15,4.90,1.0000
285,407,13,15,35,16,4.90,1.0000
286,366,13,23,16,7,3.80,0.8000
287,347,13,21,25,8,4.40,0.6800
288,335,13,19,12,3,3.90,0.4000
289,308,13,19,20,8,3.80,0.6000
290,305,13,19,19,8,3.80,0.5500
291,282,13,19,22,10,4.00,0.6000
292,280,13,19,21,9,3.90,0.5500
293,255,13,22,19,7,4.10,0.9000
294,170,13,14,10,1,1.90,0.6000
295,154,13,15,32,15,4.80,1.0000
296,87,13,21,9,1,2.20,0.1000
297,20,13,24,24,9,4.90,0.9000
298,850,14,21,18,7,4.30,0.7500
299,797,14,23,32,18,5.00,1.0000
300,718,14,24,13,9,4.00,0.8000
301,630,14,19,13,7,3.70,0.6000
302,630,14,19,13,9,3.70,0.6000
303,629,14,19,13,8,3.60,0.6000
304,605,14,23,30,16,4.80,1.0000
305,592,14,19,16,8,3.90,0.6000
306,579,14,24,29,9,4.70,0.7500
307,509,14,19,15,8,3.90,0.6500
308,508,14,19,17,8,3.80,0.6000
309,508,14,19,15,8,3.90,0.6500
310,507,14,19,17,8,3.70,0.6000
311,476,14,15,27,8,4.70,0.8800
312,257,14,22,20,8,4.20,0.9000
313,253,14,21,37,13,4.70,0.7700
314,244,14,21,10,3,2.80,0.1000
315,243,14,1,4,1,1.80,0.0500
316,237,14,21,16,8,3.80,0.8000
317,237,14,21,16,8,3.80,0.8000
318,237,14,21,16,8,3.80,0.8000
319,237,14,21,16,8,3.80,0.8000
320,237,14,21,16,8,3.80,0.8000
321,237,14,21,16,8,3.80,0.8000
322,237,14,21,16,8,3.80,0.8000
323,237,14,21,16,8,3.80,0.8000
324,237,14,21,16,8,3.80,0.8000
325,237,14,21,16,8,3.80,0.8000
326,237,14,21,16,8,3.80,0.8000
327,237,14,21,16,8,3.80,0.8000
328,237,14,21,16,8,3.80,0.8000
329,237,14,21,16,8,3.80,0.8000
330,237,14,21,16,8,3.80,0.8000
331,237,14,21,16,8,3.80,0.8000
332,237,14,21,16,8,3.80,0.8000
333,237,14,21,16,8,3.80,0.8000
334,237,14,21,16,8,3.80,0.8000
335,202,14,15,3,0,4.30,0.5000
336,172,14,14,12,2,1.70,0.6000
337,105,14,23,24,12,4.50,0.9000
338,105,14,23,24,12,4.50,0.9000
339,105,14,23,24,12,4.50,0.9000
340,105,14,23,24,12,4.50,0.9000
341,105,14,23,24,12,4.50,0.9000
342,105,14,23,24,12,4.50,0.9000
343,105,14,23,24,12,4.50,0.9000
344,105,14,23,24,12,4.50,0.9000
345,105,14,23,24,12,4.50,0.9000
346,105,14,23,24,12,4.50,0.9000
347,105,14,23,24,12,4.50,0.9000
348,105,14,23,24,12,4.50,0.9000
349,105,14,23,24,12,4.50,0.9000
350,105,14,23,24,12,4.50,0.9000
351,105,14,23,24,12,4.50,0.9000
352,105,14,23,24,12,4.50,0.9000
353,105,14,23,24,12,4.50,0.9000
354,105,14,23,24,12,4.50,0.9000
355,69,14,24,17,7,4.10,0.7000
356,22,14,24,26,10,4.90,0.9000
357,173,15,14,14,3,1.50,0.6000
358,866,16,14,38,15,4.90,0.8800
359,859,16,21,28,9,4.00,0.7800
360,857,16,16,21,12,4.80,1.0000
361,857,16,22,22,14,4.80,1.0000
362,856,16,23,23,14,4.70,1.0000
363,856,16,23,23,14,4.70,1.0000
364,751,16,2,12,4,2.80,0.0900
365,734,16,6,7,2,2.50,0.1000
366,700,16,16,4,1,2.00,0.0200
367,668,16,6,20,8,4.30,0.8500
368,655,16,15,30,11,4.50,0.7800
369,641,16,1,4,0,2.00,0.1000
370,632,16,19,14,10,4.00,0.6000
371,631,16,19,14,8,4.00,0.6000
372,631,16,19,14,9,4.00,0.6000
373,587,16,15,22,16,5.00,1.0000
374,587,16,15,22,17,5.00,1.0000
375,577,16,21,17,4,3.80,0.4000
376,574,16,24,13,6,3.50,0.5000
377,511,16,19,15,10,4.10,0.6500
378,510,16,19,15,9,4.10,0.6500
379,480,16,15,35,14,4.60,0.8500
380,450,16,5,8,2,2.20,0.1400
381,393,16,1,5,1,4.50,0.8000
382,325,16,6,12,7,3.60,0.6000
383,310,16,19,18,9,4.00,0.6000
384,309,16,19,20,9,4.00,0.6000
385,309,16,19,20,10,4.00,0.6000
386,287,16,19,23,13,4.30,0.6000
387,286,16,19,22,12,4.20,0.6000
388,285,16,19,21,11,4.10,0.6000
389,283,16,19,21,10,4.10,0.6000
390,260,16,22,21,9,4.10,0.9000
391,245,16,19,12,4,3.50,0.1500
392,219,16,24,30,10,4.70,0.8000
393,157,16,15,27,10,4.10,0.6200
394,145,16,19,26,12,4.20,0.6000
395,144,16,19,25,11,4.20,0.6000
396,88,16,21,10,0,2.00,0.0000
397,27,16,20,9,2,3.00,0.2500
398,23,16,24,27,11,4.90,0.9000
399,24,17,24,28,12,4.90,0.9000
400,262,18,22,22,10,4.30,0.9000
401,90,18,21,11,0,1.80,0.0000
402,25,18,24,30,14,4.90,0.9000
403,263,19,22,23,11,4.40,0.9000
404,264,20,22,25,12,4.50,0.9000
405,91,20,21,12,1,1.50,0.0000
406,819,21,7,24,8,3.90,0.5200
407,726,21,15,36,12,4.60,0.7900
408,662,21,8,40,13,4.80,0.7400
409,639,21,5,5,0,1.80,0.0000
410,484,21,16,27,10,4.30,0.6800
411,420,21,19,9,2,2.50,0.0500
412,415,21,14,9,3,4.70,0.8500
413,298,21,21,28,12,4.50,0.8000
414,209,21,1,33,13,4.60,0.7800
415,868,22,23,26,15,4.80,1.0000
416,854,22,21,39,16,4.80,0.9500
417,841,22,23,20,11,4.40,0.9000
418,832,22,16,12,6,3.30,0.6000
419,832,22,16,12,6,3.30,0.6000
420,832,22,16,12,6,3.30,0.6000
421,832,22,16,12,6,3.30,0.6000
422,832,22,16,12,6,3.30,0.6000
423,832,22,16,12,6,3.30,0.6000
424,832,22,16,12,6,3.30,0.6000
425,832,22,16,12,6,3.30,0.6000
426,832,22,16,12,6,3.30,0.6000
427,832,22,16,12,6,3.30,0.6000
428,832,22,16,12,6,3.30,0.6000
429,832,22,16,12,6,3.30,0.6000
430,832,22,16,12,6,3.30,0.6000
431,832,22,16,12,6,3.30,0.6000
432,832,22,16,12,6,3.30,0.6000
433,832,22,16,12,6,3.30,0.6000
434,832,22,16,12,6,3.30,0.6000
435,832,22,16,12,6,3.30,0.6000
436,832,22,16,12,6,3.30,0.6000
437,807,22,15,42,21,4.90,1.0000
438,742,22,23,9,3,3.30,0.5000
439,663,22,21,24,11,4.60,1.0000
440,659,22,24,14,7,3.80,0.7000
441,640,22,5,4,0,1.60,0.0000
442,600,22,19,10,3,3.50,0.5000
443,556,22,23,19,7,3.70,0.5500
444,532,22,5,12,4,3.50,0.4000
445,465,22,16,17,5,3.80,0.4500
446,464,22,19,13,4,2.70,0.2300
447,375,22,22,12,6,3.40,0.6000
448,349,22,23,32,16,4.80,1.0000
449,349,22,23,32,16,4.80,1.0000
450,349,22,23,32,16,4.80,1.0000
451,349,22,23,32,16,4.80,1.0000
452,349,22,23,32,16,4.80,1.0000
453,349,22,23,32,16,4.80,1.0000
454,349,22,23,32,16,4.80,1.0000
455,349,22,23,32,16,4.80,1.0000
456,349,22,23,32,16,4.80,1.0000
457,349,22,23,32,16,4.80,1.0000
458,349,22,23,32,16,4.80,1.0000
459,349,22,23,32,16,4.80,1.0000
460,349,22,23,32,16,4.80,1.0000
461,349,22,23,32,16,4.80,1.0000
462,349,22,23,32,16,4.80,1.0000
463,349,22,23,32,16,4.80,1.0000
464,349,22,23,32,16,4.80,1.0000
465,349,22,23,32,16,4.80,1.0000
466,312,22,6,24,8,4.30,0.9000
467,252,22,8,19,13,4.60,1.0000
468,247,22,6,9,9,3.80,0.7000
469,246,22,6,9,8,3.70,0.7000
470,241,22,5,8,6,3.40,0.6000
471,236,22,21,14,7,3.70,0.7000
472,235,22,19,6,1,3.50,0.2000
473,206,22,24,45,18,4.70,0.8800
474,205,22,24,24,9,4.40,0.8800
475,203,22,16,47,15,4.80,0.8100
476,177,22,24,5,2,2.50,0.0500
477,171,22,23,28,13,4.50,0.9000
478,163,22,21,16,6,4.20,0.7500
479,93,22,12,15,3,4.20,0.7000
480,89,22,24,12,5,3.20,0.5000
481,71,22,19,12,5,4.50,0.6500
482,19,22,22,21,7,4.60,0.8000
483,317,23,6,28,9,4.30,0.9000
484,645,24,5,5,0,1.40,0.0000
485,318,24,6,30,10,4.20,0.9000
486,306,24,6,22,7,4.20,0.9000
487,296,24,22,33,10,4.50,0.8300
488,92,24,15,28,9,4.10,0.6000
489,319,25,6,32,11,4.00,0.9000
490,313,25,6,25,8,4.40,0.9000
491,808,26,16,41,16,4.30,0.7500
492,804,26,22,21,12,4.60,1.0000
493,789,26,24,18,6,4.10,0.7000
494,761,26,23,22,9,4.60,0.9000
495,752,26,14,23,6,4.10,0.5500
496,647,26,5,6,0,1.20,0.0000
497,646,26,14,45,12,4.70,0.9000
498,557,26,24,42,17,4.90,0.8000
499,517,26,15,5,1,4.20,0.6000
500,495,26,22,17,7,3.90,0.8000
501,478,26,24,24,14,4.70,1.0000
502,408,26,11,17,6,3.80,0.4700
503,367,26,10,8,2,3.80,0.2000
504,858,27,24,8,3,3.20,0.5000
505,848,27,6,14,9,4.00,0.9000
506,829,27,13,7,2,2.40,0.0500
507,699,27,6,23,10,4.50,1.0000
508,649,27,5,7,1,1.00,0.0000
509,603,27,16,15,8,3.90,0.8000
510,603,27,16,15,8,3.90,0.8000
511,544,27,24,11,5,3.20,0.2000
512,544,27,24,11,5,3.20,0.2000
513,544,27,24,11,5,3.20,0.2000
514,544,27,24,11,5,3.20,0.2000
515,544,27,24,11,5,3.20,0.2000
516,544,27,24,11,5,3.20,0.2000
517,544,27,24,11,5,3.20,0.2000
518,544,27,24,11,5,3.20,0.2000
519,544,27,24,11,5,3.20,0.2000
520,544,27,24,11,5,3.20,0.2000
521,544,27,24,11,5,3.20,0.2000
522,544,27,24,11,5,3.20,0.2000
523,544,27,24,11,5,3.20,0.2000
524,544,27,24,11,5,3.20,0.2000
525,544,27,24,11,5,3.20,0.2000
526,544,27,24,11,5,3.20,0.2000
527,544,27,24,11,5,3.20,0.2000
528,544,27,24,11,5,3.20,0.2000
529,544,27,24,11,5,3.20,0.2000
530,527,27,14,6,2,3.20,0.3000
531,461,27,16,15,5,3.60,0.3000
532,459,27,22,6,2,2.80,0.1000
533,426,27,6,31,13,4.50,0.7800
534,289,27,5,19,8,4.40,0.9000
535,251,27,8,18,11,4.50,1.0000
536,149,27,24,7,3,2.90,0.1000
537,149,27,24,7,3,2.90,0.1000
538,149,27,24,7,3,2.90,0.1000
539,149,27,24,7,3,2.90,0.1000
540,149,27,24,7,3,2.90,0.1000
541,149,27,24,7,3,2.90,0.1000
542,149,27,24,7,3,2.90,0.1000
543,149,27,24,7,3,2.90,0.1000
544,149,27,24,7,3,2.90,0.1000
545,149,27,24,7,3,2.90,0.1000
546,149,27,24,7,3,2.90,0.1000
547,149,27,24,7,3,2.90,0.1000
548,149,27,24,7,3,2.90,0.1000
549,149,27,24,7,3,2.90,0.1000
550,149,27,24,7,3,2.90,0.1000
551,149,27,24,7,3,2.90,0.1000
552,149,27,24,7,3,2.90,0.1000
553,149,27,24,7,3,2.90,0.1000
554,53,27,24,9,4,2.90,0.0500
555,41,27,21,14,4,4.40,0.7000
556,39,27,14,20,6,4.10,0.7000
557,651,28,5,8,2,1.80,0.0000
558,515,28,15,16,6,3.80,0.7000
559,330,28,23,16,6,3.90,0.7000
560,54,28,11,17,4,4.20,0.7000
561,40,28,6,19,5,4.00,0.7000
562,844,29,23,31,18,4.90,1.0000
563,790,29,22,17,10,4.40,0.9000
564,776,29,22,13,3,3.80,0.5000
565,774,29,10,12,3,3.80,0.7000
566,652,29,5,10,3,1.50,0.0000
567,638,29,16,13,5,3.70,0.6500
568,597,29,22,11,13,4.30,0.9000
569,596,29,22,11,11,4.10,0.9000
570,595,29,22,11,9,3.90,0.9000
571,524,29,8,7,2,3.10,0.4000
572,523,29,5,15,6,3.80,0.4000
573,389,29,21,41,17,4.80,0.9500
574,339,29,17,21,7,4.20,0.6000
575,333,29,6,10,5,3.10,0.1000
576,332,29,23,17,7,4.00,0.7000
577,331,29,23,18,7,3.90,0.7000
578,329,29,23,15,5,3.80,0.7000
579,259,29,24,35,16,4.80,1.0000
580,124,29,17,20,6,4.00,0.7000
581,119,29,22,7,2,2.70,0.0500
582,59,29,6,7,2,3.50,0.4500
583,42,29,6,18,6,4.00,0.7000
584,766,30,15,22,7,4.50,0.7500
585,654,30,22,44,20,5.00,0.9500
586,654,30,22,40,19,5.00,0.9500
587,654,30,22,42,21,5.00,0.9500
588,654,30,22,44,23,5.00,0.9500
589,653,30,22,42,18,4.90,0.9500
590,653,30,22,41,17,4.90,0.9500
591,526,30,8,6,3,2.80,0.4000
592,499,30,21,40,18,4.70,0.8500
593,344,30,17,22,9,4.40,0.8000
594,343,30,17,21,8,4.30,0.8000
595,342,30,17,20,9,4.30,0.8000
596,341,30,17,20,8,4.20,0.8000
597,340,30,17,19,8,4.20,0.7000
598,338,30,17,19,7,4.10,0.6000
599,337,30,17,18,6,4.00,0.7000
600,873,31,16,8,3,3.30,0.3000
601,855,31,6,16,15,4.70,0.9000
602,853,31,6,16,14,4.60,0.9000
603,852,31,6,16,13,4.50,0.9000
604,849,31,6,16,10,4.10,0.9000
605,831,31,24,6,3,2.90,0.1000
606,831,31,24,6,3,2.90,0.1000
607,831,31,24,6,3,2.90,0.1000
608,831,31,24,6,3,2.90,0.1000
609,831,31,24,6,3,2.90,0.1000
610,831,31,24,6,3,2.90,0.1000
611,831,31,24,6,3,2.90,0.1000
612,831,31,24,6,3,2.90,0.1000
613,831,31,24,6,3,2.90,0.1000
614,831,31,24,6,3,2.90,0.1000
615,831,31,24,6,3,2.90,0.1000
616,831,31,24,6,3,2.90,0.1000
617,831,31,24,6,3,2.90,0.1000
618,831,31,24,6,3,2.90,0.1000
619,831,31,24,6,3,2.90,0.1000
620,831,31,24,6,3,2.90,0.1000
621,831,31,24,6,3,2.90,0.1000
622,831,31,24,6,3,2.90,0.1000
623,779,31,22,15,5,3.70,0.6000
624,775,31,22,14,4,3.90,0.5000
625,615,31,8,9,4,3.10,0.4000
626,612,31,7,43,14,4.80,0.8500
627,590,31,6,35,12,4.60,0.8600
628,575,31,16,5,1,3.20,0.5500
629,525,31,8,8,2,3.00,0.4000
630,392,31,22,43,19,5.00,0.9500
631,392,31,22,45,21,5.00,0.9500
632,392,31,22,41,20,5.00,0.9500
633,392,31,22,43,22,5.00,0.9500
634,354,31,24,29,15,4.80,1.0000
635,351,31,24,14,6,3.50,0.6000
636,344,31,17,24,10,4.40,0.8000
637,343,31,17,22,8,4.30,0.8000
638,300,31,16,6,2,3.00,0.4500
639,261,31,24,19,5,4.20,0.9000
640,201,31,24,9,4,3.00,0.2000
641,159,31,15,32,15,4.80,1.0000
642,129,31,17,19,5,4.10,0.6000
643,52,31,22,4,1,1.70,0.0500
644,44,31,6,21,6,3.90,0.8000
645,528,32,8,7,4,2.60,0.4000
646,45,32,6,23,6,3.80,0.8000
647,865,33,6,15,15,4.60,0.9000
648,864,33,6,15,14,4.50,0.9000
649,863,33,6,15,13,4.40,0.9000
650,860,33,16,23,10,4.30,0.9000
651,807,33,16,34,17,4.90,1.0000
652,807,33,16,34,17,4.90,1.0000
653,807,33,16,34,17,4.90,1.0000
654,807,33,16,34,17,4.90,1.0000
655,807,33,16,34,17,4.90,1.0000
656,807,33,16,34,17,4.90,1.0000
657,807,33,16,34,17,4.90,1.0000
658,807,33,16,34,17,4.90,1.0000
659,807,33,16,34,17,4.90,1.0000
660,807,33,16,34,17,4.90,1.0000
661,807,33,16,34,17,4.90,1.0000
662,807,33,16,34,17,4.90,1.0000
663,807,33,16,34,17,4.90,1.0000
664,807,33,16,34,17,4.90,1.0000
665,807,33,16,34,17,4.90,1.0000
666,807,33,16,34,17,4.90,1.0000
667,807,33,16,34,17,4.90,1.0000
668,807,33,16,34,17,4.90,1.0000
669,805,33,22,15,10,4.10,0.9000
670,782,33,22,16,5,3.60,0.6000
671,617,33,6,38,14,4.90,0.8800
672,593,33,23,20,7,4.00,0.9500
673,485,33,16,31,12,4.30,1.0000
674,394,33,4,11,3,4.10,0.9000
675,358,33,22,7,4,3.10,0.4000
676,353,33,6,18,9,4.30,1.0000
677,175,33,16,28,11,4.50,1.0000
678,138,33,23,18,8,4.10,0.9000
679,137,33,23,16,7,3.90,0.8000
680,32,33,4,37,18,4.80,1.0000
681,30,33,20,38,16,4.70,1.0000
682,788,34,22,18,6,3.70,0.6000
683,529,34,8,8,5,2.50,0.4000
684,46,34,6,25,7,4.00,0.8000
685,795,35,22,20,7,3.60,0.6000
686,712,35,8,16,4,3.60,0.2000
687,412,35,21,25,11,4.50,0.9000
688,369,35,8,15,5,3.90,0.8000
689,356,35,16,40,15,4.60,0.9500
690,291,35,15,29,10,4.50,0.9000
691,31,35,4,39,17,4.80,1.0000
692,803,36,22,22,8,3.50,0.6000
693,550,36,21,33,14,4.40,0.8500
694,530,36,8,9,6,2.80,0.4000
695,376,36,8,14,4,4.00,0.9000
696,315,36,13,26,12,4.60,0.9000
697,34,36,4,41,20,4.90,1.0000
698,15,36,23,21,9,4.50,0.8500
699,531,37,8,10,7,2.20,0.4000
700,386,37,8,13,4,4.00,0.9000
701,378,37,8,16,4,3.80,0.9000
702,33,37,4,40,19,4.80,1.0000
703,384,38,8,18,5,4.00,0.9000
704,48,38,6,29,10,4.00,0.8000
705,47,38,6,27,8,4.00,0.8000
706,35,38,4,43,21,4.90,1.0000
707,36,39,4,45,22,4.90,1.0000
708,721,40,24,15,6,3.70,0.3000
709,387,40,8,20,6,4.00,0.9000
710,37,40,4,48,23,4.90,1.0000
711,390,41,8,22,7,4.00,0.9000
712,38,41,4,50,24,4.90,1.0000
713,769,42,24,22,8,4.10,0.8000
714,723,43,24,17,6,3.80,0.3000
715,770,44,24,24,9,4.00,0.8000
716,724,44,24,18,7,3.90,0.3000
717,725,45,24,19,8,3.90,0.3000
718,728,46,24,20,9,4.00,0.3000
719,730,47,24,21,10,3.90,0.3000
720,731,48,24,23,12,4.00,0.3000
721,809,49,5,4,0,2.80,0.0500
722,754,49,23,36,16,4.80,1.0000
723,713,49,5,13,7,3.70,0.7000
724,713,49,5,13,7,3.70,0.7000
725,713,49,5,13,7,3.70,0.7000
726,713,49,5,13,7,3.70,0.7000
727,713,49,5,13,7,3.70,0.7000
728,713,49,5,13,7,3.70,0.7000
729,713,49,5,13,7,3.70,0.7000
730,713,49,5,13,7,3.70,0.7000
731,713,49,5,13,7,3.70,0.7000
732,713,49,5,13,7,3.70,0.7000
733,713,49,5,13,7,3.70,0.7000
734,713,49,5,13,7,3.70,0.7000
735,713,49,5,13,7,3.70,0.7000
736,713,49,5,13,7,3.70,0.7000
737,713,49,5,13,7,3.70,0.7000
738,713,49,5,13,7,3.70,0.7000
739,713,49,5,13,7,3.70,0.7000
740,713,49,5,13,7,3.70,0.7000
741,696,49,6,7,2,3.20,0.0400
742,664,49,17,11,3,3.00,0.3100
743,598,49,24,9,7,3.50,0.1000
744,585,49,15,28,14,4.70,1.0000
745,585,49,15,28,14,4.70,1.0000
746,585,49,15,28,14,4.70,1.0000
747,585,49,15,28,14,4.70,1.0000
748,585,49,15,28,14,4.70,1.0000
749,585,49,15,28,14,4.70,1.0000
750,585,49,15,28,14,4.70,1.0000
751,585,49,15,28,14,4.70,1.0000
752,585,49,15,28,14,4.70,1.0000
753,585,49,15,28,14,4.70,1.0000
754,585,49,15,28,14,4.70,1.0000
755,585,49,15,28,14,4.70,1.0000
756,585,49,15,28,14,4.70,1.0000
757,585,49,15,28,14,4.70,1.0000
758,585,49,15,28,14,4.70,1.0000
759,585,49,15,28,14,4.70,1.0000
760,585,49,15,28,14,4.70,1.0000
761,585,49,15,28,14,4.70,1.0000
762,522,49,21,36,14,4.70,0.8500
763,519,49,24,20,9,4.40,0.9000
764,513,49,21,39,15,4.70,0.8200
765,483,49,21,30,20,5.00,1.0000
766,483,49,21,30,21,5.00,1.0000
767,469,49,21,32,13,4.70,0.9000
768,455,49,21,20,10,4.40,0.8000
769,449,49,21,42,17,4.90,0.9200
770,428,49,14,3,0,2.50,0.0100
771,228,49,21,5,2,2.30,0.1000
772,186,49,6,6,2,2.30,0.0800
773,57,49,21,50,20,5.00,0.9700
774,51,49,1,5,0,4.50,0.6000
775,28,49,1,40,16,4.40,0.7500
776,21,49,24,18,12,4.70,0.3000
777,698,50,1,7,0,3.50,0.1000
778,695,50,3,2,0,2.50,0.0200
779,870,51,24,26,16,4.90,1.0000
780,870,51,24,26,17,5.00,1.0000
781,870,51,24,26,18,5.00,1.0000
782,589,51,23,19,8,4.30,0.9000
783,588,51,21,14,6,3.60,0.4000
784,585,51,15,28,14,4.70,1.0000
785,585,51,15,28,14,4.70,1.0000
786,585,51,15,28,14,4.70,1.0000
787,585,51,15,28,14,4.70,1.0000
788,585,51,15,28,14,4.70,1.0000
789,585,51,15,28,14,4.70,1.0000
790,585,51,15,28,14,4.70,1.0000
791,585,51,15,28,14,4.70,1.0000
792,585,51,15,28,14,4.70,1.0000
793,585,51,15,28,14,4.70,1.0000
794,585,51,15,28,14,4.70,1.0000
795,585,51,15,28,14,4.70,1.0000
796,585,51,15,28,14,4.70,1.0000
797,585,51,15,28,14,4.70,1.0000
798,585,51,15,28,14,4.70,1.0000
799,585,51,15,28,14,4.70,1.0000
800,585,51,15,28,14,4.70,1.0000
801,585,51,15,28,14,4.70,1.0000
802,585,51,15,28,14,4.70,1.0000
803,582,51,13,33,14,4.80,1.0000
804,570,51,21,19,9,4.20,0.9000
805,570,51,21,19,9,4.20,0.9000
806,570,51,21,19,9,4.20,0.9000
807,570,51,21,19,9,4.20,0.9000
808,570,51,21,19,9,4.20,0.9000
809,570,51,21,19,9,4.20,0.9000
810,570,51,21,19,9,4.20,0.9000
811,570,51,21,19,9,4.20,0.9000
812,570,51,21,19,9,4.20,0.9000
813,570,51,21,19,9,4.20,0.9000
814,570,51,21,19,9,4.20,0.9000
815,570,51,21,19,9,4.20,0.9000
816,570,51,21,19,9,4.20,0.9000
817,570,51,21,19,9,4.20,0.9000
818,570,51,21,19,9,4.20,0.9000
819,570,51,21,19,9,4.20,0.9000
820,570,51,21,19,9,4.20,0.9000
821,570,51,21,19,9,4.20,0.9000
822,430,51,17,11,4,3.10,0.1000
823,423,51,23,26,11,4.30,0.9000
824,406,51,23,36,17,4.80,1.0000
825,401,51,13,24,10,4.40,0.9000
826,398,51,21,25,9,4.20,0.6500
827,271,51,4,5,1,1.80,0.0100
828,268,51,22,7,1,2.00,0.0500
829,266,51,23,2,0,2.00,0.1000
830,183,51,3,9,2,2.80,0.0500
831,132,51,13,16,5,3.70,0.3900
832,122,51,22,16,12,4.40,0.9000
833,114,51,23,15,9,4.00,0.8000
834,104,51,23,17,9,4.20,0.9000
835,104,51,23,17,9,4.20,0.9000
836,18,51,23,31,17,4.90,1.0000
837,571,52,5,8,2,3.00,0.1500
838,697,53,5,8,3,3.20,0.1000
839,648,53,21,11,4,3.10,0.1000
840,642,53,23,18,8,4.00,0.8000
841,605,53,23,34,20,5.00,1.0000
842,594,53,5,14,7,3.80,0.7000
843,573,53,23,17,11,4.50,0.9000
844,521,53,21,36,15,4.70,1.0000
845,475,53,16,21,13,4.70,1.0000
846,474,53,21,27,13,4.60,1.0000
847,474,53,21,27,13,4.60,1.0000
848,463,53,21,18,10,4.30,0.9000
849,462,53,22,29,10,4.40,0.7200
850,456,53,21,25,12,4.40,0.9000
851,382,53,22,20,16,4.80,1.0000
852,381,53,22,20,15,4.70,0.9000
853,380,53,22,20,14,4.60,0.9000
854,372,53,21,29,16,4.90,1.0000
855,324,53,20,11,3,3.70,0.4200
856,323,53,23,18,8,4.00,0.9000
857,277,53,13,3,1,2.50,0.1000
858,267,53,5,10,4,3.00,0.1000
859,249,53,21,14,10,4.20,0.9000
860,192,53,6,11,12,4.20,0.9000
861,191,53,6,11,10,4.00,0.9000
862,189,53,21,32,8,4.30,0.8500
863,184,53,3,8,2,3.00,0.0500
864,176,53,18,14,7,3.50,0.7000
865,126,53,21,42,18,4.60,0.9500
866,100,53,1,39,15,4.90,0.8800
867,99,53,1,31,12,4.60,0.8200
868,818,54,19,10,3,3.50,0.3000
869,846,55,15,8,0,4.00,0.3000
870,818,55,19,10,1,3.50,0.3000
871,817,55,19,10,2,3.30,0.3000
872,777,55,1,22,9,4.00,0.6500
873,720,55,22,10,4,3.90,0.4000
874,713,55,5,13,7,3.70,0.7000
875,713,55,5,13,7,3.70,0.7000
876,689,55,3,11,2,3.10,0.0500
877,587,55,15,24,15,4.80,1.0000
878,587,55,15,24,16,4.90,1.0000
879,547,55,20,9,2,2.80,0.2800
880,479,55,21,28,16,4.90,1.0000
881,373,55,21,30,17,4.90,1.0000
882,373,55,21,29,18,4.90,1.0000
883,326,55,21,8,3,3.10,0.1000
884,275,55,5,4,1,2.30,0.2000
885,242,55,21,16,9,4.20,0.9000
886,185,55,5,17,9,4.10,0.9000
887,185,55,5,17,9,4.10,0.9000
888,185,55,5,17,9,4.10,0.9000
889,185,55,5,17,9,4.10,0.9000
890,185,55,5,17,9,4.10,0.9000
891,185,55,5,17,9,4.10,0.9000
892,185,55,5,17,9,4.10,0.9000
893,185,55,5,17,9,4.10,0.9000
894,185,55,5,17,9,4.10,0.9000
895,185,55,5,17,9,4.10,0.9000
896,185,55,5,17,9,4.10,0.9000
897,185,55,5,17,9,4.10,0.9000
898,185,55,5,17,9,4.10,0.9000
899,185,55,5,17,9,4.10,0.9000
900,185,55,5,17,9,4.10,0.9000
901,185,55,5,17,9,4.10,0.9000
902,185,55,5,17,9,4.10,0.9000
903,185,55,5,17,9,4.10,0.9000
904,11,55,24,9,5,3.20,0.3000
905,824,56,19,11,3,3.40,0.4000
906,816,56,19,12,2,3.10,0.3000
907,816,56,19,16,1,3.10,0.4000
908,837,57,9,3,1,1.70,0.0500
909,823,57,19,11,4,3.30,0.4000
910,822,57,19,17,2,3.20,0.4000
911,811,57,21,10,4,3.70,0.5000
912,756,57,21,21,11,4.40,0.8000
913,756,57,21,21,11,4.40,0.8000
914,756,57,21,21,11,4.40,0.8000
915,756,57,21,21,11,4.40,0.8000
916,756,57,21,21,11,4.40,0.8000
917,756,57,21,21,11,4.40,0.8000
918,756,57,21,21,11,4.40,0.8000
919,756,57,21,21,11,4.40,0.8000
920,756,57,21,21,11,4.40,0.8000
921,756,57,21,21,11,4.40,0.8000
922,756,57,21,21,11,4.40,0.8000
923,756,57,21,21,11,4.40,0.8000
924,756,57,21,21,11,4.40,0.8000
925,756,57,21,21,11,4.40,0.8000
926,756,57,21,21,11,4.40,0.8000
927,756,57,21,21,11,4.40,0.8000
928,756,57,21,21,11,4.40,0.8000
929,756,57,21,21,11,4.40,0.8000
930,719,57,5,21,9,4.10,0.9000
931,663,57,5,28,13,4.60,1.0000
932,644,57,23,12,4,4.20,0.9000
933,605,57,23,33,18,5.00,1.0000
934,537,57,23,7,1,2.80,0.1000
935,491,57,23,20,8,4.30,0.9000
936,488,57,21,8,1,3.70,0.4000
937,424,57,21,12,4,3.80,0.6000
938,272,57,5,3,1,2.10,0.1000
939,270,57,5,17,8,3.90,0.9000
940,248,57,1,32,12,4.10,0.7000
941,181,57,23,25,9,4.10,0.7000
942,86,57,1,14,5,3.60,0.5000
943,14,57,24,8,5,3.20,0.3000
944,824,58,19,11,5,3.40,0.4000
945,823,58,19,18,3,3.30,0.4000
946,421,58,16,9,2,3.30,0.1000
947,844,59,23,30,15,4.90,1.0000
948,825,59,19,19,4,3.40,0.4000
949,820,59,19,21,6,4.30,0.5800
950,599,59,5,31,11,4.40,0.7700
951,581,59,23,31,14,4.70,1.0000
952,346,59,14,8,3,2.80,0.3000
953,256,59,6,19,10,4.30,1.0000
954,256,59,6,19,10,4.30,1.0000
955,254,59,22,35,11,4.70,0.7600
956,250,59,21,29,11,4.30,0.6800
957,113,59,9,11,3,2.80,0.1000
958,4,59,16,5,2,3.20,0.4500
959,826,60,19,20,5,3.50,0.4000
960,844,61,23,32,19,5.00,1.0000
961,844,61,23,32,20,5.00,1.0000
962,844,61,23,32,21,5.00,1.0000
963,834,61,24,47,14,4.80,0.8400
964,643,61,23,19,7,4.20,0.8000
965,601,61,21,23,10,4.20,0.8500
966,576,61,22,14,5,3.60,0.3500
967,539,61,9,16,6,3.70,0.6000
968,536,61,21,6,1,2.50,0.1000
969,385,61,15,29,9,4.40,0.6800
970,383,61,22,20,6,3.70,0.7200
971,365,61,21,10,6,3.30,0.4000
972,363,61,17,10,4,3.00,0.0500
973,355,61,14,8,3,2.40,0.3000
974,328,61,23,5,2,2.60,0.0500
975,322,61,21,9,2,3.00,0.2000
976,278,61,21,37,13,4.50,0.8200
977,274,61,5,2,0,1.80,0.1000
978,198,61,22,29,9,4.70,0.8000
979,109,61,18,9,3,2.50,0.1600
980,106,61,14,45,16,4.70,0.9000
981,79,61,22,3,0,3.00,0.2000
982,813,62,5,13,4,3.40,0.4000
983,621,62,20,39,17,4.90,1.0000
984,870,63,24,25,14,4.80,1.0000
985,847,63,13,22,8,4.10,0.5900
986,815,63,23,26,10,4.10,0.6800
987,773,63,21,19,7,3.90,0.4500
988,759,63,14,10,2,4.00,0.8000
989,741,63,12,16,4,3.90,0.3600
990,703,63,23,20,9,4.20,0.8000
991,660,63,23,6,2,3.30,0.3500
992,626,63,20,40,18,4.90,1.0000
993,618,63,23,41,12,4.90,0.9100
994,617,63,20,38,16,4.90,1.0000
995,545,63,23,49,19,4.90,0.8000
996,534,63,21,6,1,2.70,0.1000
997,455,63,21,23,11,4.40,0.8000
998,455,63,21,23,11,4.40,0.8000
999,455,63,21,23,11,4.40,0.8000
1000,455,63,21,23,11,4.40,0.8000
1001,455,63,21,23,11,4.40,0.8000
1002,455,63,21,23,11,4.40,0.8000
1003,455,63,21,23,11,4.40,0.8000
1004,455,63,21,23,11,4.40,0.8000
1005,455,63,21,23,11,4.40,0.8000
1006,455,63,21,23,11,4.40,0.8000
1007,455,63,21,23,11,4.40,0.8000
1008,455,63,21,23,11,4.40,0.8000
1009,455,63,21,23,11,4.40,0.8000
1010,455,63,21,23,11,4.40,0.8000
1011,455,63,21,23,11,4.40,0.8000
1012,455,63,21,23,11,4.40,0.8000
1013,455,63,21,23,11,4.40,0.8000
1014,455,63,21,23,11,4.40,0.8000
1015,454,63,21,23,11,4.30,0.8000
1016,357,63,14,9,2,2.20,0.3000
1017,350,63,14,7,2,2.60,0.3000
1018,276,63,5,3,1,1.60,0.1000
1019,193,63,18,30,10,4.50,0.8000
1020,188,63,18,32,11,4.60,0.8000
1021,98,63,24,13,8,3.90,0.8000
1022,3,63,24,13,5,3.50,0.7000
1023,812,64,23,18,7,4.10,0.7000
1024,778,64,23,23,10,4.50,0.9000
1025,722,64,9,5,1,1.90,0.0500
1026,717,64,24,13,11,3.90,0.8000
1027,716,64,24,13,10,3.80,0.8000
1028,706,64,22,17,7,3.50,0.5000
1029,704,64,24,13,6,3.60,0.6000
1030,633,64,20,42,19,4.90,1.0000
1031,610,64,14,36,15,4.90,0.9000
1032,586,64,15,22,13,4.70,1.0000
1033,552,64,24,20,8,3.70,0.5000
1034,542,64,14,28,10,4.30,0.7700
1035,541,64,23,9,3,3.60,0.2000
1036,516,64,21,10,3,3.90,0.4000
1037,402,64,9,4,0,1.50,0.0500
1038,359,64,14,10,3,2.00,0.3000
1039,279,64,5,4,2,1.30,0.1000
1040,194,64,18,33,12,4.70,0.8000
1041,634,65,20,46,20,4.90,1.0000
1042,833,66,22,21,6,4.50,0.8000
1043,828,66,23,22,11,4.50,0.9000
1044,828,66,23,22,11,4.50,0.9000
1045,828,66,23,22,11,4.50,0.9000
1046,828,66,23,22,11,4.50,0.9000
1047,828,66,23,22,11,4.50,0.9000
1048,828,66,23,22,11,4.50,0.9000
1049,828,66,23,22,11,4.50,0.9000
1050,828,66,23,22,11,4.50,0.9000
1051,828,66,23,22,11,4.50,0.9000
1052,828,66,23,22,11,4.50,0.9000
1053,828,66,23,22,11,4.50,0.9000
1054,828,66,23,22,11,4.50,0.9000
1055,828,66,23,22,11,4.50,0.9000
1056,828,66,23,22,11,4.50,0.9000
1057,828,66,23,22,11,4.50,0.9000
1058,828,66,23,22,11,4.50,0.9000
1059,828,66,23,22,11,4.50,0.9000
1060,828,66,23,22,11,4.50,0.9000
1061,737,66,24,24,8,4.50,0.6000
1062,733,66,13,5,0,2.50,0.1000
1063,711,66,2,3,0,1.50,0.0300
1064,669,66,8,27,11,4.40,0.8500
1065,635,66,20,50,21,4.90,1.0000
1066,611,66,21,27,13,4.60,1.0000
1067,611,66,21,27,13,4.60,1.0000
1068,611,66,21,27,13,4.60,1.0000
1069,611,66,21,27,13,4.60,1.0000
1070,611,66,21,27,13,4.60,1.0000
1071,611,66,21,27,13,4.60,1.0000
1072,611,66,21,27,13,4.60,1.0000
1073,611,66,21,27,13,4.60,1.0000
1074,611,66,21,27,13,4.60,1.0000
1075,611,66,21,27,13,4.60,1.0000
1076,611,66,21,27,13,4.60,1.0000
1077,611,66,21,27,13,4.60,1.0000
1078,611,66,21,27,13,4.60,1.0000
1079,611,66,21,27,13,4.60,1.0000
1080,611,66,21,27,13,4.60,1.0000
1081,611,66,21,27,13,4.60,1.0000
1082,611,66,21,27,13,4.60,1.0000
1083,611,66,21,27,13,4.60,1.0000
1084,587,66,15,22,15,4.90,1.0000
1085,569,66,21,14,8,3.80,0.8000
1086,568,66,23,12,8,3.70,0.8000
1087,535,66,21,7,1,2.30,0.1000
1088,520,66,21,27,13,4.60,1.0000
1089,518,66,21,30,14,4.70,1.0000
1090,492,66,24,10,2,3.80,0.6000
1091,486,66,5,8,3,3.30,0.3000
1092,471,66,21,31,14,4.90,1.0000
1093,441,66,21,11,5,3.20,0.2000
1094,370,66,21,20,10,4.30,0.9000
1095,370,66,21,20,10,4.30,0.9000
1096,370,66,21,20,10,4.30,0.9000
1097,370,66,21,20,10,4.30,0.9000
1098,370,66,21,20,10,4.30,0.9000
1099,370,66,21,20,10,4.30,0.9000
1100,370,66,21,20,10,4.30,0.9000
1101,370,66,21,20,10,4.30,0.9000
1102,370,66,21,20,10,4.30,0.9000
1103,370,66,21,20,10,4.30,0.9000
1104,370,66,21,20,10,4.30,0.9000
1105,370,66,21,20,10,4.30,0.9000
1106,370,66,21,20,10,4.30,0.9000
1107,370,66,21,20,10,4.30,0.9000
1108,370,66,21,20,10,4.30,0.9000
1109,370,66,21,20,10,4.30,0.9000
1110,370,66,21,20,10,4.30,0.9000
1111,370,66,21,20,10,4.30,0.9000
1112,370,66,21,20,10,4.30,0.9000
1113,368,66,21,10,8,3.60,0.4000
1114,362,66,17,10,3,2.70,0.1000
1115,360,66,14,11,4,1.70,0.3000
1116,348,66,21,22,7,4.20,0.8500
1117,301,66,8,47,15,4.70,0.7200
1118,281,66,5,6,3,1.00,0.1000
1119,196,66,18,35,13,4.80,0.9000
1120,147,66,23,30,5,4.20,0.8000
1121,141,66,15,24,9,4.60,0.8500
1122,139,66,16,30,11,4.30,0.7000
1123,43,66,15,0,0,0.00,0.0000
1124,636,67,20,55,22,4.90,1.0000
1125,540,67,21,8,0,1.90,0.1000
1126,361,67,14,12,5,1.50,0.3000
1127,284,67,5,7,4,1.00,0.1000
1128,197,67,18,36,14,4.90,1.0000
1129,836,68,22,22,7,4.40,0.8000
1130,199,68,18,37,15,4.90,1.0000
1131,737,69,24,25,10,4.50,0.6000
1132,543,69,21,9,1,1.80,0.1000
1133,200,69,18,39,16,4.90,1.0000
1134,840,70,22,23,8,4.60,0.8000
1135,827,71,22,18,7,4.60,0.8000
1136,738,71,24,26,11,4.40,0.6000
1137,736,71,24,23,9,4.30,0.6000
1138,735,71,6,22,10,4.40,0.5000
1139,732,71,16,29,11,4.70,0.8000
1140,667,71,20,20,8,3.70,0.6300
1141,546,71,21,10,2,1.70,0.1000
1142,442,71,19,20,3,3.20,0.4000
1143,294,71,15,19,7,4.30,0.9000
1144,174,71,1,28,10,4.80,0.7000
1145,851,72,22,24,9,4.70,0.8000
1146,548,72,21,11,3,1.50,0.1000
1147,861,73,22,25,10,4.80,0.8000
1148,743,73,24,27,12,4.30,0.7000
1149,869,74,22,26,11,4.90,0.8000
1150,745,74,24,28,13,4.40,0.7000
1151,747,75,24,29,14,4.50,0.7000
1152,839,76,22,17,6,4.50,0.8000
1153,796,76,24,18,5,4.70,0.8000
1154,793,76,14,7,2,2.30,0.0500
1155,763,76,23,22,13,4.60,1.0000
1156,707,76,23,28,11,4.20,0.6000
1157,656,76,22,36,10,4.20,0.7800
1158,637,76,24,45,18,4.80,0.8000
1159,584,76,22,34,12,4.60,0.7100
1160,512,76,24,32,12,4.40,0.7800
1161,477,76,15,29,14,4.70,1.0000
1162,397,76,23,23,10,3.90,0.5500
1163,396,76,23,45,18,4.80,0.7500
1164,374,76,21,8,1,2.50,0.1000
1165,295,76,14,8,3,4.20,0.7200
1166,252,76,8,19,12,4.60,1.0000
1167,210,76,9,7,2,4.80,0.7800
1168,103,76,5,35,12,4.40,0.7000
1169,16,76,24,24,13,4.60,0.3000
1170,12,76,24,8,7,3.60,0.3000
1171,727,77,21,45,14,4.70,0.8900
1172,121,77,6,38,13,4.50,0.8000
1173,125,78,6,41,14,4.60,0.8000
1174,130,79,6,44,15,4.70,0.9000
1175,872,80,9,29,10,4.40,0.8000
1176,871,80,16,36,14,4.50,0.8800
1177,835,80,24,9,4,2.90,0.1000
1178,835,80,24,9,4,2.90,0.1000
1179,835,80,24,9,4,2.90,0.1000
1180,835,80,24,9,4,2.90,0.1000
1181,835,80,24,9,4,2.90,0.1000
1182,835,80,24,9,4,2.90,0.1000
1183,835,80,24,9,4,2.90,0.1000
1184,835,80,24,9,4,2.90,0.1000
1185,835,80,24,9,4,2.90,0.1000
1186,835,80,24,9,4,2.90,0.1000
1187,835,80,24,9,4,2.90,0.1000
1188,835,80,24,9,4,2.90,0.1000
1189,835,80,24,9,4,2.90,0.1000
1190,835,80,24,9,4,2.90,0.1000
1191,835,80,24,9,4,2.90,0.1000
1192,835,80,24,9,4,2.90,0.1000
1193,835,80,24,9,4,2.90,0.1000
1194,764,80,24,12,5,3.00,0.2000
1195,657,80,13,8,2,4.50,0.9200
1196,650,80,22,48,16,4.60,0.8700
1197,607,80,23,28,8,4.10,0.6000
1198,602,80,14,9,4,2.90,0.1000
1199,482,80,23,19,8,4.20,0.9000
1200,379,80,16,26,12,4.50,0.9000
1201,320,80,6,34,12,4.10,0.9000
1202,265,80,23,26,11,4.00,0.6500
1203,223,80,23,14,4,3.90,0.7000
1204,133,80,15,23,9,4.40,0.6900
1205,129,80,2,33,11,4.30,0.6000
1206,85,80,23,8,4,3.20,0.3000
1207,85,80,23,8,4,3.20,0.3000
1208,85,80,23,8,4,3.20,0.3000
1209,85,80,23,8,4,3.20,0.3000
1210,85,80,23,8,4,3.20,0.3000
1211,85,80,23,8,4,3.20,0.3000
1212,85,80,23,8,4,3.20,0.3000
1213,85,80,23,8,4,3.20,0.3000
1214,85,80,23,8,4,3.20,0.3000
1215,85,80,23,8,4,3.20,0.3000
1216,85,80,23,8,4,3.20,0.3000
1217,85,80,23,8,4,3.20,0.3000
1218,85,80,23,8,4,3.20,0.3000
1219,85,80,23,8,4,3.20,0.3000
1220,85,80,23,8,4,3.20,0.3000
1221,85,80,23,8,4,3.20,0.3000
1222,85,80,23,8,4,3.20,0.3000
1223,85,80,23,8,4,3.20,0.3000
1224,85,80,23,8,4,3.20,0.3000
1225,13,80,24,25,11,4.40,0.9000
1226,135,81,6,47,16,4.80,0.9000
1227,321,82,6,36,13,4.00,0.9000
1228,142,83,6,50,17,4.90,0.9000
1229,410,84,5,18,10,4.60,0.8000
1230,143,84,6,53,18,4.90,0.9000
1231,715,85,18,11,8,3.80,0.8000
1232,666,85,16,22,8,3.90,0.7600
1233,606,85,14,16,6,3.70,0.8000
1234,493,85,19,16,3,4.80,0.8000
1235,438,85,9,31,12,4.30,0.7500
1236,437,85,9,29,12,4.30,0.7000
1237,436,85,9,29,13,4.40,0.7000
1238,435,85,9,30,12,4.30,0.7000
1239,427,85,13,39,10,4.30,0.6500
1240,220,85,14,16,5,3.80,0.7000
1241,180,85,23,27,11,4.10,0.7000
1242,152,85,22,31,12,4.80,1.0000
1243,151,85,12,35,14,4.80,0.9000
1244,148,85,14,2,1,2.00,0.0500
1245,120,85,6,11,6,3.60,0.5000
1246,58,85,15,38,11,4.60,0.8200
1247,153,86,22,36,14,4.80,1.0000
1248,553,87,21,18,6,3.80,0.7000
1249,222,87,14,16,6,3.70,0.7000
1250,221,87,14,14,4,3.60,0.7000
1251,207,87,19,7,2,3.70,0.2000
1252,150,87,22,32,13,4.90,1.0000
1253,772,88,10,35,14,4.70,0.9500
1254,757,88,6,12,6,3.50,0.6000
1255,757,88,6,12,6,3.50,0.6000
1256,654,88,21,25,7,4.80,0.9000
1257,616,88,7,7,3,3.40,0.3000
1258,555,88,24,49,19,4.90,0.8500
1259,514,88,13,6,2,2.50,0.1000
1260,502,88,14,10,2,3.60,0.5000
1261,404,88,6,24,7,3.80,0.6800
1262,343,88,6,16,9,4.20,0.9000
1263,333,88,6,10,5,3.10,0.1000
1264,333,88,6,10,5,3.10,0.1000
1265,333,88,6,10,5,3.10,0.1000
1266,333,88,6,10,5,3.10,0.1000
1267,333,88,6,10,5,3.10,0.1000
1268,333,88,6,10,5,3.10,0.1000
1269,333,88,6,10,5,3.10,0.1000
1270,333,88,6,10,5,3.10,0.1000
1271,333,88,6,10,5,3.10,0.1000
1272,333,88,6,10,5,3.10,0.1000
1273,333,88,6,10,5,3.10,0.1000
1274,333,88,6,10,5,3.10,0.1000
1275,333,88,6,10,5,3.10,0.1000
1276,333,88,6,10,5,3.10,0.1000
1277,333,88,6,10,5,3.10,0.1000
1278,333,88,6,10,5,3.10,0.1000
1279,333,88,6,10,5,3.10,0.1000
1280,333,88,6,10,5,3.10,0.1000
1281,303,88,23,15,8,4.80,0.9000
1282,195,88,21,12,4,3.00,0.4100
1283,182,88,9,28,12,4.00,0.7500
1284,179,88,24,17,7,3.90,0.8000
1285,178,88,24,5,2,2.50,0.0500
1286,156,88,22,34,15,4.90,1.0000
1287,155,88,23,13,3,4.60,0.8000
1288,64,88,9,30,14,4.50,0.8500
1289,63,88,9,30,13,4.50,0.8500
1290,62,88,9,33,13,4.40,0.8000
1291,61,88,9,32,13,4.40,0.8000
1292,60,88,9,27,12,4.10,0.8000
1293,26,88,11,14,5,3.00,0.3700
1294,653,89,22,38,17,4.90,0.9500
1295,549,89,13,19,7,4.30,0.8000
1296,391,89,23,39,18,4.90,0.9500
1297,388,89,22,39,16,4.90,0.9500
1298,224,89,14,17,7,3.80,0.7000
1299,158,89,22,37,16,4.90,1.0000
1300,830,90,22,6,2,2.60,0.0500
1301,758,90,6,11,6,3.50,0.6000
1302,755,90,20,10,3,3.50,0.6000
1303,609,90,15,29,12,4.60,1.0000
1304,608,90,6,16,11,4.30,0.9000
1305,580,90,23,35,18,4.90,0.8500
1306,565,90,16,32,14,4.50,0.9000
1307,565,90,16,31,15,4.60,0.9000
1308,565,90,15,33,15,4.40,0.9000
1309,565,90,15,33,16,4.50,0.9000
1310,565,90,15,34,16,4.50,0.9000
1311,565,90,15,32,17,4.50,0.9000
1312,565,90,15,33,17,4.50,0.9000
1313,564,90,15,32,16,4.40,0.9000
1314,563,90,9,31,14,4.50,0.8500
1315,563,90,16,32,15,4.40,0.8500
1316,561,90,16,36,15,4.50,0.8500
1317,560,90,16,34,15,4.40,0.8500
1318,559,90,16,37,15,4.60,0.8000
1319,559,90,16,33,14,4.40,0.8500
1320,494,90,14,12,2,3.50,0.5000
1321,405,90,8,44,18,4.80,0.8900
1322,352,90,6,15,11,4.20,0.9000
1323,334,90,16,6,1,3.20,0.4000
1324,307,90,14,35,15,4.90,0.9000
1325,297,90,16,19,8,4.00,0.8000
1326,208,90,16,23,9,4.00,0.9000
1327,160,90,22,39,17,4.90,1.0000
1328,140,90,15,21,9,4.20,0.9000
1329,94,90,10,40,17,4.70,0.9000
1330,9,90,16,35,15,4.60,0.9000
1331,9,90,16,35,16,4.60,0.9000
1332,762,91,24,9,5,3.20,0.8000
1333,551,91,16,36,14,4.90,0.9500
1334,391,91,23,37,15,4.90,0.9500
1335,391,91,23,37,16,4.90,0.9500
1336,391,91,23,29,15,4.90,0.9500
1337,225,91,14,18,8,4.00,0.7000
1338,861,92,6,15,12,4.30,0.9000
1339,760,92,24,11,4,3.40,0.8000
1340,583,92,23,17,7,4.40,0.8500
1341,581,92,14,37,14,4.90,0.9000
1342,567,92,15,34,18,4.60,0.9000
1343,566,92,16,37,16,4.70,0.9000
1344,566,92,16,37,17,4.70,0.9000
1345,566,92,16,36,17,4.60,0.9000
1346,566,92,16,37,18,4.70,0.9000
1347,566,92,16,37,19,4.70,0.9000
1348,566,92,16,36,18,4.70,0.9000
1349,566,92,16,36,19,4.80,0.9000
1350,566,92,16,37,20,4.80,0.9000
1351,562,92,16,36,16,4.60,0.8500
1352,497,92,14,11,2,3.40,0.6000
1353,411,92,21,23,7,4.60,0.9000
1354,409,92,23,22,8,4.50,0.8500
1355,391,92,21,30,16,4.90,0.9500
1356,290,92,13,23,9,4.50,0.9000
1357,288,92,13,23,8,4.60,0.8500
1358,214,92,10,42,16,4.90,0.9500
1359,213,92,10,41,17,4.90,0.9500
1360,161,92,22,41,18,4.90,1.0000
1361,136,92,24,36,12,4.90,0.9300
1362,97,92,10,38,17,4.70,0.9500
1363,97,92,10,38,18,4.80,0.9500
1364,97,92,10,38,19,4.80,0.9500
1365,97,92,10,38,20,4.80,0.9500
1366,97,92,10,40,19,4.80,0.9500
1367,97,92,10,40,20,4.80,0.9500
1368,97,92,10,38,20,4.80,0.9500
1369,96,92,10,40,16,4.70,0.9000
1370,95,92,10,39,16,4.70,0.9000
1371,9,92,16,38,16,4.60,0.9000
1372,9,92,16,35,14,4.60,0.9000
1373,9,92,16,40,17,4.80,0.9000
1374,8,92,16,38,16,4.70,0.9000
1375,7,92,16,35,17,4.60,0.9000
1376,7,92,16,35,18,4.60,0.9000
1377,7,92,16,35,19,4.70,0.9000
1378,765,93,24,13,6,3.30,0.8000
1379,498,93,21,24,9,4.50,0.8000
1380,496,93,21,26,9,4.40,0.8000
1381,395,93,15,32,11,4.80,0.9500
1382,392,93,21,31,17,5.00,0.9500
1383,226,93,14,20,9,3.90,0.7000
1384,162,93,22,43,19,4.90,1.0000
1385,862,94,13,25,11,4.40,0.9000
1386,772,94,16,34,15,4.50,0.9500
1387,772,94,16,34,14,4.50,0.9500
1388,771,94,16,44,17,4.80,0.9500
1389,705,94,22,5,2,2.80,0.1000
1390,665,94,5,13,5,3.40,0.8000
1391,661,94,24,27,13,4.60,0.9000
1392,501,94,14,10,3,3.20,0.6000
1393,414,94,21,31,13,4.70,0.9000
1394,414,94,21,27,13,4.70,0.9000
1395,413,94,21,32,12,4.60,0.9000
1396,412,94,21,29,11,4.50,0.9000
1397,316,94,13,34,13,4.80,0.9500
1398,239,94,18,40,15,4.90,0.9000
1399,212,94,16,43,17,4.80,0.9500
1400,212,94,16,39,17,4.80,0.9500
1401,212,94,10,41,18,4.80,0.9500
1402,212,94,16,39,19,4.80,0.9500
1403,212,94,10,41,20,4.80,0.9500
1404,211,94,10,42,18,4.80,0.9500
1405,134,94,23,31,13,4.70,0.9000
1406,9,94,16,34,15,4.50,0.9000
1407,767,95,24,15,6,3.50,0.8000
1408,503,95,14,11,3,3.40,0.6000
1409,316,95,13,32,14,4.80,0.9500
1410,315,95,13,34,15,4.80,0.9000
1411,315,95,13,36,15,4.80,0.9000
1412,315,95,13,34,16,4.80,0.9000
1413,315,95,13,28,14,4.80,0.9000
1414,314,95,13,33,12,4.70,0.9000
1415,314,95,13,36,13,4.70,0.9000
1416,314,95,13,33,14,4.70,0.9000
1417,314,95,13,35,14,4.70,0.9000
1418,314,95,13,33,15,4.70,0.9000
1419,227,95,14,22,10,4.00,0.7000
1420,55,95,17,25,10,4.30,0.8000
1421,679,96,12,28,10,4.70,1.0000
1422,670,96,16,28,14,4.70,0.9000
1423,619,96,6,45,18,4.90,1.0000
1424,505,96,14,12,4,3.60,0.6000
1425,413,96,23,35,12,4.60,0.9000
1426,413,96,21,30,12,4.60,0.9000
1427,292,96,15,24,11,4.60,0.9500
1428,215,96,16,44,18,4.80,0.9500
1429,215,96,16,43,18,4.80,0.9500
1430,68,96,16,46,18,4.80,0.9500
1431,68,96,16,45,18,4.80,0.9500
1432,65,96,15,47,19,4.80,0.8500
1433,806,97,15,50,20,4.50,1.0000
1434,768,97,24,17,7,3.80,0.8000
1435,671,97,16,30,15,4.60,0.9000
1436,506,97,14,13,5,3.00,0.6000
1437,293,97,15,30,12,4.50,0.9500
1438,709,98,16,50,20,5.00,1.0000
1439,709,98,16,50,20,5.00,1.0000
1440,709,98,16,50,20,5.00,1.0000
1441,709,98,16,50,20,5.00,1.0000
1442,709,98,16,50,20,5.00,1.0000
1443,709,98,16,50,20,5.00,1.0000
1444,708,98,16,50,20,5.00,1.0000
1445,678,98,12,26,9,4.80,1.0000
1446,677,98,14,25,8,4.80,1.0000
1447,672,98,16,32,16,4.80,0.9000
1448,558,98,23,43,18,4.90,0.7500
1449,218,98,16,48,20,5.00,1.0000
1450,218,98,16,47,20,5.00,1.0000
1451,218,98,16,48,20,5.00,1.0000
1452,217,98,10,45,19,4.90,0.9500
1453,217,98,10,49,20,4.90,0.9500
1454,217,98,10,45,19,4.90,0.9500
1455,217,98,10,49,20,4.90,0.9500
1456,217,98,10,49,20,4.90,0.9500
1457,217,98,16,48,20,4.90,0.9500
1458,216,98,10,49,19,4.90,0.9500
1459,216,98,10,48,19,4.90,0.9500
1460,216,98,10,47,20,4.90,0.9500
1461,216,98,10,49,20,4.90,0.9500
1462,215,98,10,47,19,4.90,0.9500
1463,215,98,10,47,19,4.90,0.9500
1464,67,98,16,46,19,4.90,0.9500
1465,66,98,16,48,19,4.90,0.9500
1466,680,99,12,30,11,4.60,1.0000
1467,673,99,16,34,17,4.70,0.9000
1468,674,100,16,36,18,4.80,0.9000
1469,675,101,16,38,19,4.90,0.9000
1470,681,102,12,31,12,4.70,1.0000
1471,676,102,16,40,20,4.90,0.9000
1472,682,103,12,33,13,4.80,1.0000
1473,683,104,12,35,14,4.80,1.0000
1474,684,105,12,37,15,4.90,1.0000
